Brand,OS,Processor,RAM_Size,RAM_Type,Storage_Size,Storage_type,MRP
Lenovo,Windows 11,Intel,8GB,DDR4,256GB,SSD,36990.0
Lenovo,Windows 11,Intel,8GB,DDR4,512GB,SSD,39990.0
ASUS,Windows 11,Intel,8GB,DDR4,512GB,SSD,32990.0
HP,Windows 10,AMD,8GB,DDR4,512GB,SSD,49990.0
ASUS,Windows 11,Intel,8GB,DDR4,512GB,SSD,49990.0
HP,Windows 11,Intel,8GB,DDR4,256GB,SSD,36990.0
DELL,Windows 11,Intel,8GB,DDR4,1TB,HDD,38990.0
RedmiBook,Windows 11,Intel,8GB,DDR4,512GB,SSD,39990.0
realme,Windows 10,Intel,8GB,DDR4,256GB,SSD,46990.0
ASUS,Windows 11,AMD,16GB,DDR4,512GB,SSD,44990.0
HP,Windows 11,AMD,8GB,DDR4,512GB,SSD,59990.0
Lenovo,Windows 11,AMD,8GB,DDR4,512GB,SSD,38705.0
ASUS,Windows 11,Intel,8GB,DDR4,256GB,SSD,32990.0
ASUS,Windows 11,AMD,8GB,DDR4,512GB,SSD,52990.0
acer,Windows 11,Intel,8GB,DDR4,256GB,SSD,29990.0
ASUS,Windows 11,AMD,16GB,DDR5,1TB,SSD,196990.0
ASUS,Windows 11,Intel,8GB,DDR4,1TB,HDD,47990.0
ASUS,Windows 11,Intel,8GB,DDR4,512GB,SSD,45990.0
MSI,Windows 11,AMD,8GB,DDR4,512GB,SSD,47990.0
ASUS,Windows 11,AMD,16GB,DDR4,1TB,SSD,85990.0
APPLE,Mac ,M1,8GB,DDR4,256GB,SSD,88990.0
HP,Windows 11,Intel,8GB,DDR4,512GB,SSD,40990.0
Lenovo,DOS ,Intel,4GB,LPDDR4,256GB,HDD,19490.0
Lenovo,Windows 11,AMD,8GB,DDR4,512GB,SSD,35590.0
HP,Windows 11,Intel,8GB,DDR4,512GB,SSD,65990.0
RedmiBook,Windows 11,Intel,8GB,DDR4,512GB,SSD,39990.0
Lenovo,Windows 11,Intel,8GB,DDR4,512GB,SSD,39990.0
ASUS,Windows 11,AMD,16GB,DDR5,1TB,SSD,196990.0
acer,Windows 11,Intel,16GB,DDR4,512GB,SSD,58990.0
realme,Windows 10,Intel,8GB,DDR4,256GB,SSD,46990.0
Lenovo,Windows 11,AMD,8GB,DDR4,512GB,SSD,38705.0
ASUS,Windows 11,AMD,16GB,DDR4,1TB,SSD,85990.0
acer,Windows 11,AMD,8GB,DDR4,256GB,SSD,24990.0
acer,Windows 11,AMD,8GB,DDR4,512GB,SSD,47990.0
ASUS,Windows 11,AMD,8GB,DDR4,512GB,SSD,73990.0
Lenovo,Windows 11,Intel,8GB,DDR4,512GB,SSD,53490.0
Lenovo,Windows 11,AMD,8GB,DDR4,512GB,SSD,35590.0
ASUS,Windows 11,AMD,16GB,DDR4,1TB,SSD,150990.0
Lenovo,Windows 11,Intel,8GB,DDR4,512GB,SSD,51990.0
ASUS,Windows 11,Intel,16GB,DDR4,512GB,SSD,66990.0
Lenovo,Windows 11,Intel,8GB,DDR4,256GB,SSD,36990.0
ASUS,Windows 11,AMD,16GB,DDR5,1TB,SSD,194990.0
acer,Windows 11,AMD,16GB,DDR4,512GB,SSD,51990.0
HP,Windows 11,AMD,8GB,DDR4,256GB,SSD,25990.0
acer,Windows 11,AMD,8GB,DDR4,512GB,SSD,35990.0
ASUS,Windows 11,Intel,8GB,DDR4,512GB,SSD,43990.0
Lenovo,Windows 11,AMD,8GB,DDR4,512GB,SSD,44990.0
Lenovo,Windows 11,AMD,8GB,DDR4,512GB,SSD,64490.0
ASUS,Windows 11,Intel,8GB,DDR4,256GB,SSD,40990.0
ASUS,Windows 11,Intel,8GB,DDR4,512GB,SSD,38990.0
Lenovo,Windows 11,Intel,8GB,DDR4,256GB,SSD,36990.0
RedmiBook,Windows 11,Intel,8GB,DDR4,512GB,SSD,39990.0
HP,Windows 11,Intel,8GB,DDR4,512GB,SSD,58990.0
realme,Windows 10,Intel,8GB,DDR4,512GB,SSD,59990.0
acer,Windows 11,Intel,8GB,DDR4,512GB,SSD,47990.0
HP,Windows 11,AMD,8GB,DDR4,512GB,SSD,37499.0
ASUS,Windows 11,AMD,16GB,DDR5,1TB,SSD,196990.0
Lenovo,Windows 11,AMD,8GB,DDR4,512GB,SSD,38705.0
ASUS,Windows 10,AMD,8GB,DDR4,1TB,SSD,94990.0
ASUS,Windows 11,Intel,8GB,DDR4,512GB,SSD,32990.0
ASUS,Windows 11,AMD,16GB,DDR4,1TB,SSD,85990.0
Lenovo,Windows 11,AMD,8GB,DDR4,512GB,SSD,35590.0
ASUS,Windows 11,Intel,4GB,DDR4,256GB,SSD,23990.0
HP,Windows 11,AMD,16GB,DDR4,512GB,SSD,48990.0
APPLE,Mac ,M2,8GB,Unified,512GB,SSD,139990.0
ASUS,Windows 11,AMD,16GB,DDR4,512GB,SSD,89990.0
ASUS,Windows 11,AMD,16GB,DDR4,1TB,SSD,150990.0
Lenovo,Windows 11,Intel,8GB,DDR4,512GB,SSD,39990.0
ASUS,Windows 11,AMD,8GB,DDR4,1TB,SSD,59990.0
DELL,Windows 11,AMD,16GB,DDR4,512GB,SSD,70990.0
ASUS,Windows 11,AMD,16GB,DDR5,1TB,SSD,194990.0
Lenovo,Windows 11,AMD,8GB,DDR4,512GB,SSD,44990.0
Infinix,Windows 11,Intel,8GB,LPDDR4X,256GB,SSD,22990.0
HP,Windows 11,AMD,8GB,DDR4,512GB,SSD,46990.0
ASUS,Windows 10,Intel,8GB,DDR4,1TB,HDD,50990.0
Infinix,Windows 11,Intel,8GB,LPDDR4X,256GB,SSD,28990.0
RedmiBook,Windows 11,Intel,8GB,DDR4,512GB,SSD,39990.0
Lenovo,Windows 11,AMD,8GB,DDR4,512GB,SSD,38705.0
MSI,Windows 10,Intel,16GB,DDR4,512GB,SSD,84990.0
APPLE,Mac ,M1,16GB,Unified,512GB,SSD,181990.0
ASUS,Windows 11,AMD,16GB,DDR5,1TB,SSD,196990.0
ASUS,Windows 11,AMD,16GB,DDR4,1TB,SSD,85990.0
MSI,Windows 11,AMD,16GB,DDR4,1TB,SSD,109990.0
SAMSUNG,Windows 11,Qualcomm,4GB,LPDDR4X,512GB,SSD,32990.0
Infinix,Windows 11,Intel,16GB,LPDDR4X,512GB,SSD,37990.0
APPLE,Mac ,M2,8GB,Unified,512GB,SSD,139990.0
Lenovo,Windows 11,AMD,8GB,DDR4,512GB,SSD,35590.0
ASUS,Windows 11,AMD,16GB,DDR4,1TB,SSD,150990.0
Lenovo,Windows 11,Intel,4GB,DDR4,256GB,SSD,29990.0
Lenovo,Chrome ,Intel,4GB,DDR4,512GB,SSD,19490.0
Lenovo,Windows 11,Intel,8GB,DDR4,256GB,SSD,36990.0
Lenovo,Windows 11,AMD,8GB,DDR4,512GB,SSD,73490.0
ASUS,Windows 11,AMD,8GB,DDR4,1TB,HDD,52990.0
HP,Windows 11,Intel,8GB,DDR4,512GB,SSD,41890.0
DELL,Windows 11,Intel,8GB,DDR4,256GB,SSD,30428.0
acer,Windows 11,Intel,8GB,DDR4,512GB,SSD,34990.0
Lenovo,Chrome ,Intel,4GB,DDR4,512GB,SSD,19490.0
Lenovo,Windows 11,Intel,4GB,DDR4,256GB,SSD,29990.0
APPLE,Mac ,M1,8GB,DDR4,256GB,SSD,88990.0
Lenovo,Windows 11,Intel,8GB,DDR4,256GB,SSD,36990.0
MSI,Windows 10,Intel,8GB,DDR4,512GB,SSD,65990.0
ASUS,Windows 11,Intel,8GB,DDR4,512GB,SSD,33490.0
HP,Windows 11,Intel,16GB,DDR4,512GB,SSD,60990.0
Lenovo,Windows 11,Intel,8GB,DDR4,512GB,SSD,39990.0
HP,Windows 11,AMD,8GB,DDR4,512GB,SSD,46990.0
ASUS,Windows 11,AMD,16GB,DDR4,512GB,SSD,59990.0
MSI,Windows 10,Intel,16GB,DDR4,1TB,SSD,114990.0
RedmiBook,Windows 11,Intel,8GB,DDR4,512GB,SSD,39990.0
ASUS,Windows 10,Intel,16GB,DDR4,1TB,SSD,119990.0
Infinix,Windows 11,Intel,8GB,LPDDR4X,512GB,SSD,42990.0
ASUS,Windows 11,Intel,16GB,LPDDR5,512GB,SSD,89990.0
Lenovo,Windows 11,AMD,8GB,DDR4,512GB,SSD,38705.0
MSI,Windows 11,AMD,8GB,DDR4,512GB,SSD,79990.0
ASUS,Windows 11,Intel,8GB,DDR4,1TB,SSD,70990.0
Lenovo,Windows 11,Intel,8GB,DDR4,256GB,SSD,33900.0
ASUS,Windows 11,AMD,16GB,DDR5,1TB,SSD,196990.0
realme,Windows 10,Intel,8GB,DDR4,512GB,SSD,59990.0
Infinix,Windows 11,Intel,16GB,LPDDR4X,512GB,SSD,52990.0
APPLE,Mac ,M1,16GB,DDR4,512GB,SSD,124990.0
ASUS,Windows 11,AMD,16GB,DDR4,1TB,SSD,85990.0
RedmiBook,Windows 11,Intel,8GB,DDR4,256GB,SSD,31990.0
acer,Windows 11,AMD,16GB,DDR4,512GB,SSD,66990.0
DELL,Windows 11,AMD,16GB,DDR4,512GB,SSD,89081.0
Lenovo,Windows 11,Intel,8GB,DDR4,256GB,SSD,36990.0
APPLE,Mac ,M1,8GB,DDR4,512GB,SSD,104990.0
Lenovo,Windows 11,Intel,8GB,DDR4,512GB,SSD,53490.0
ASUS,Windows 11,Intel,8GB,LPDDR4X,256GB,SSD,45990.0
Lenovo,Windows 11,Intel,8GB,DDR4,512GB,SSD,39990.0
ASUS,Windows 11,Intel,8GB,DDR4,512GB,SSD,45990.0
MSI,Windows 11,Intel,8GB,DDR4,512GB,SSD,51990.0
HP,Windows 11,AMD,16GB,DDR4,512GB,SSD,75990.0
RedmiBook,Windows 11,Intel,8GB,DDR4,512GB,SSD,39990.0
Lenovo,Windows 11,Intel,8GB,DDR4,256GB,SSD,36990.0
HP,Windows 11,Intel,16GB,DDR4,512GB,SSD,78800.0
HP,Windows 11,AMD,8GB,DDR4,512GB,SSD,29390.0
Lenovo,Windows 11,AMD,8GB,DDR4,512GB,SSD,38705.0
Infinix,Windows 11,Intel,8GB,LPDDR4X,256GB,SSD,30990.0
Lenovo,Windows 11,Intel,16GB,DDR4,512GB,SSD,62490.0
ASUS,Windows 11,Intel,16GB,DDR4,512GB,SSD,89990.0
ASUS,Windows 11,AMD,16GB,DDR5,1TB,SSD,196990.0
HP,Windows 11,Intel,8GB,DDR4,512GB,SSD,58899.0
MSI,Windows 11,Intel,16GB,DDR4,512GB,SSD,85990.0
DELL,Windows 11,AMD,8GB,DDR4,1TB,HDD,33099.0
ASUS,Windows 11,AMD,16GB,DDR4,1TB,SSD,85990.0
Lenovo,Windows 11,AMD,8GB,DDR4,512GB,SSD,73490.0
Lenovo,Windows 11,Intel,8GB,DDR4,1TB,HDD,63490.0
Lenovo,Windows 11,Intel,8GB,DDR4,256GB,SSD,36990.0
Lenovo,Windows 11,Intel,8GB,DDR4,512GB,SSD,39990.0
ASUS,Windows 11,AMD,8GB,DDR4,512GB,SSD,38990.0
HP,Windows 11,Intel,8GB,DDR4,512GB,SSD,67990.0
RedmiBook,Windows 11,Intel,8GB,DDR4,512GB,SSD,39990.0
ASUS,Windows 11,AMD,16GB,DDR5,1TB,SSD,196990.0
HP,Windows 11,Intel,8GB,DDR4,512GB,SSD,39790.0
APPLE,Mac ,M1,16GB,Unified,1TB,SSD,241990.0
APPLE,Mac ,M1,8GB,DDR4,512GB,SSD,104990.0
DELL,Windows 11,AMD,8GB,DDR4,512GB,SSD,42190.0
Lenovo,Windows 11,AMD,8GB,DDR4,512GB,SSD,38705.0
ASUS,Windows 11,AMD,16GB,DDR4,1TB,SSD,85990.0
ASUS,Windows 11,Intel,8GB,DDR4,512GB,SSD,39990.0
ASUS,Windows 11,Intel,16GB,DDR5,1TB,SSD,99990.0
Lenovo,Windows 11,AMD,8GB,DDR4,512GB,SSD,35590.0
ASUS,Windows 11,AMD,16GB,DDR4,1TB,SSD,150990.0
APPLE,Mac ,M1,32GB,Unified,1TB,SSD,309490.0
ASUS,Windows 11,Intel,16GB,DDR4,1TB,HDD,64990.0
ASUS,Windows 11,AMD,16GB,DDR4,512GB,SSD,89990.0
ASUS,Windows 10,AMD,16GB,DDR4,512GB,SSD,85990.0
ASUS,Windows 11,AMD,16GB,DDR5,1TB,SSD,194990.0
Lenovo,Windows 11,AMD,8GB,DDR4,512GB,SSD,44990.0
APPLE,Mac ,M1,16GB,Unified,1TB,SSD,222990.0
Ultimus,DOS ,Intel,4GB,LPDDR4,128GB,SSD,15990.0
Lenovo,Windows 11,Intel,8GB,DDR4,256GB,SSD,36990.0
Lenovo,Windows 11,Intel,8GB,DDR4,512GB,SSD,39990.0
DELL,Windows 11,Intel,8GB,DDR4,1TB,HDD,45900.0
ASUS,Windows 11,Intel,16GB,LPDDR4X,512GB,SSD,79990.0
ASUS,Windows 11,Intel,8GB,DDR4,512GB,SSD,56990.0
DELL,Windows 11,AMD,8GB,DDR4,256GB,SSD,34990.0
RedmiBook,Windows 11,Intel,8GB,DDR4,512GB,SSD,39990.0
ASUS,Windows 11,AMD,16GB,DDR5,1TB,SSD,196990.0
DELL,Windows 11,Intel,8GB,DDR4,512GB,SSD,43580.0
Lenovo,Windows 10,AMD,16GB,DDR4,512GB,SSD,74990.0
Lenovo,Windows 11,AMD,8GB,DDR4,512GB,SSD,38705.0
ASUS,Windows 11,AMD,16GB,DDR4,1TB,SSD,85990.0
Lenovo,Windows 10,Intel,8GB,DDR4,512GB,SSD,37490.0
Infinix,Windows 11,Intel,4GB,LPDDR4X,128GB,SSD,20990.0
MSI,Windows 11,Intel,16GB,DDR4,512GB,SSD,109990.0
ASUS,Windows 11,Intel,16GB,LPDDR4,512GB,SSD,71990.0
Lenovo,Windows 11,AMD,8GB,DDR4,512GB,SSD,35590.0
ASUS,Windows 11,AMD,16GB,DDR4,1TB,SSD,150990.0
Infinix,Windows 11,Intel,8GB,LPDDR4X,512GB,SSD,32990.0
MSI,Windows 10,AMD,8GB,DDR4,512GB,SSD,43990.0
Lenovo,Windows 11,AMD,8GB,DDR4,512GB,SSD,73490.0
ASUS,Windows 11,AMD,16GB,DDR5,1TB,SSD,194990.0
acer,Windows 11,AMD,8GB,DDR4,256GB,SSD,25990.0
ASUS,Windows 10,Intel,16GB,DDR4,1TB,SSD,122990.0
acer,Windows 11,Intel,16GB,DDR4,512GB,SSD,68990.0
acer,Windows 11,Intel,8GB,DDR4,512GB,SSD,59990.0
Lenovo,Windows 11,Intel,8GB,DDR4,256GB,SSD,36990.0
Lenovo,Windows 11,Intel,8GB,DDR4,512GB,SSD,39990.0
acer,Windows 10,AMD,8GB,DDR4,512GB,SSD,39990.0
ASUS,Windows 10,Intel,8GB,DDR4,1TB,HDD,37990.0
RedmiBook,Windows 11,Intel,8GB,DDR4,512GB,SSD,39990.0
ASUS,Windows 11,AMD,16GB,DDR5,1TB,SSD,196990.0
Lenovo,Windows 10,Intel,4GB,DDR4,256GB,SSD,25950.0
realme,Windows 11,Intel,16GB,LPDDR4X,512GB,SSD,64999.0
HP,Windows 11,AMD,8GB,DDR4,512GB,SSD,60990.0
ASUS,Windows 11,Intel,8GB,DDR4,512GB,SSD,36990.0
Lenovo,Windows 11,AMD,8GB,DDR4,512GB,SSD,38705.0
ASUS,Windows 11,AMD,16GB,DDR4,1TB,SSD,85990.0
SAMSUNG,Windows 11,Intel,8GB,LPDDR4X,256GB,SSD,59990.0
APPLE,Mac ,M1,16GB,Unified,512GB,SSD,222990.0
Lenovo,Windows 11,AMD,8GB,DDR4,512GB,SSD,35590.0
ASUS,Windows 11,AMD,16GB,DDR4,1TB,SSD,150990.0
DELL,Windows 11,Intel,16GB,DDR5,1TB,SSD,235283.0
DELL,Windows 11,Intel,8GB,DDR4,512GB,SSD,38990.0
ASUS,Windows 11,AMD,16GB,DDR4,512GB,SSD,67990.0
MSI,Windows 11,Intel,16GB,DDR4,512GB,SSD,79990.0
Lenovo,Windows 11,Intel,8GB,DDR4,256GB,SSD,36990.0
RedmiBook,Windows 11,Intel,8GB,DDR4,512GB,SSD,39990.0
ASUS,Windows 11,AMD,16GB,DDR4,512GB,SSD,67990.0
MSI,Windows 11,Intel,16GB,DDR4,512GB,SSD,79990.0
ASUS,Windows 11,AMD,16GB,DDR5,1TB,SSD,196990.0
Lenovo,Windows 11,AMD,8GB,DDR4,512GB,SSD,38705.0
ASUS,Windows 11,Intel,16GB,LPDDR5,512GB,SSD,89990.0
ASUS,Windows 11,Intel,32GB,DDR5,1TB,SSD,241990.0
ASUS,Windows 11,Intel,8GB,DDR4,512GB,SSD,43490.0
realme,Windows 10,Intel,8GB,DDR4,256GB,SSD,46990.0
ASUS,Windows 11,AMD,16GB,DDR4,1TB,SSD,85990.0
Lenovo,Windows 11,AMD,8GB,DDR4,512GB,SSD,35590.0
Vaio,Windows 10,AMD,8GB,DDR4,512GB,SSD,40990.0
APPLE,Mac ,M1,8GB,DDR4,256GB,SSD,94990.0
ASUS,Windows 11,AMD,16GB,DDR4,1TB,SSD,150990.0
Lenovo,Windows 11,Intel,8GB,DDR4,512GB,SSD,39990.0
MSI,Windows 10,Intel,16GB,DDR4,1TB,SSD,114990.0
APPLE,Mac ,M2,8GB,Unified,256GB,SSD,121990.0
ASUS,Windows 10,Intel,8GB,DDR4,1TB,HDD,37990.0
ASUS,Windows 11,Intel,8GB,DDR4,256GB,SSD,27990.0
ASUS,Windows 11,AMD,16GB,DDR5,1TB,SSD,194990.0
Lenovo,Windows 11,AMD,8GB,DDR4,512GB,SSD,44990.0
DELL,Windows 11,AMD,8GB,DDR4,512GB,SSD,40190.0
Lenovo,Windows 11,AMD,8GB,DDR4,512GB,SSD,34990.0
Lenovo,Windows 11,Intel,8GB,DDR4,512GB,SSD,39990.0
RedmiBook,Windows 11,Intel,8GB,DDR4,512GB,SSD,39990.0
ASUS,Windows 10,Intel,16GB,LPDDR4X,1TB,SSD,94990.0
Lenovo,Windows 11,Intel,8GB,DDR4,512GB,SSD,69990.0
ASUS,Windows 11,Intel,8GB,DDR4,512GB,SSD,59990.0
ASUS,Windows 11,Intel,16GB,DDR4,512GB,SSD,66990.0
ASUS,Windows 11,AMD,16GB,DDR5,1TB,SSD,196990.0
Lenovo,Windows 11,AMD,8GB,DDR4,512GB,SSD,38705.0
ASUS,Windows 11,Intel,16GB,LPDDR4X,512GB,SSD,104990.0
DELL,Windows 11,Intel,8GB,DDR4,256GB,SSD,54900.0
ASUS,Windows 11,AMD,16GB,DDR4,1TB,SSD,85990.0
Lenovo,Windows 11,AMD,8GB,DDR4,512GB,SSD,35590.0
Lenovo,Windows 11,AMD,16GB,DDR4,1TB,SSD,136990.0
DELL,Windows 11,AMD,8GB,DDR4,512GB,SSD,48184.0
ASUS,Windows 11,Intel,16GB,DDR4,512GB,SSD,74990.0
acer,Windows 11,Intel,8GB,DDR4,512GB,SSD,60990.0
ASUS,Windows 11,AMD,16GB,DDR4,1TB,SSD,150990.0
Lenovo,Windows 11,Intel,8GB,DDR4,256GB,SSD,36990.0
HP,Windows 11,AMD,8GB,DDR4,512GB,SSD,49990.0
DELL,Windows 11,Intel,8GB,DDR4,512GB,SSD,67990.0
ASUS,Windows 11,AMD,16GB,DDR5,1TB,SSD,194990.0
Lenovo,Windows 11,AMD,8GB,DDR4,512GB,SSD,44990.0
Lenovo,Windows 10,Intel,8GB,DDR4,512GB,SSD,58000.0
Infinix,Windows 11,Intel,8GB,LPDDR4X,256GB,SSD,29990.0
ASUS,Windows 11,AMD,16GB,LPDDR5,1TB,SSD,114990.0
HP,Windows 11,AMD,8GB,DDR4,512GB,SSD,33990.0
RedmiBook,Windows 11,Intel,8GB,DDR4,512GB,SSD,39990.0
ASUS,Windows 11,AMD,16GB,DDR5,1TB,SSD,196990.0
ASUS,Windows 11,AMD,16GB,DDR4,512GB,SSD,64990.0
Lenovo,Windows 11,Intel,16GB,DDR4,512GB,SSD,79990.0
Lenovo,Windows 11,AMD,8GB,DDR4,512GB,SSD,38705.0
ASUS,Windows 11,AMD,16GB,DDR4,1TB,SSD,85990.0
Infinix,Windows 11,Intel,8GB,LPDDR4X,256GB,SSD,28990.0
ASUS,Windows 11,AMD,8GB,DDR4,512GB,SSD,56990.0
HP,Windows 11,AMD,16GB,DDR4,512GB,SSD,81990.0
MSI,Windows 10,Intel,16GB,DDR4,1TB,SSD,129990.0
Lenovo,Windows 11,AMD,8GB,DDR4,512GB,SSD,35590.0
ASUS,Windows 11,AMD,16GB,DDR4,1TB,SSD,150990.0
DELL,Windows 10,AMD,8GB,DDR4,1TB,HDD,38990.0
HP,Windows 10,AMD,16GB,DDR4,1TB,HDD,79990.0
Lenovo,Windows 11,Intel,8GB,DDR4,256GB,SSD,36990.0
Lenovo,Windows 11,Intel,8GB,DDR4,512GB,SSD,39990.0
APPLE,Mac ,M2,8GB,Unified,512GB,SSD,139990.0
ASUS,Windows 11,Intel,16GB,DDR5,1TB,SSD,109990.0
ASUS,Windows 11,AMD,16GB,DDR5,1TB,SSD,154990.0
Lenovo,Windows 11,Intel,16GB,DDR4,512GB,SSD,62990.0
ASUS,Windows 11,AMD,16GB,DDR5,1TB,SSD,194990.0
Lenovo,Windows 11,AMD,8GB,DDR4,512GB,SSD,44990.0
ASUS,Windows 11,Intel,8GB,DDR4,512GB,SSD,47990.0
DELL,Windows 11,AMD,8GB,DDR4,512GB,SSD,43667.0
ASUS,Windows 11,AMD,16GB,DDR5,1TB,SSD,135990.0
Lenovo,Windows 11,Intel,8GB,DDR4,256GB,SSD,36990.0
ASUS,Windows 11,AMD,16GB,DDR5,512GB,SSD,98990.0
Infinix,Windows 11,Intel,16GB,LPDDR4X,512GB,SSD,46990.0
ASUS,Windows 11,Intel,8GB,DDR4,256GB,SSD,35990.0
Lenovo,Windows 11,Intel,8GB,DDR4,512GB,SSD,39990.0
ASUS,Windows 11,Intel,16GB,DDR5,1TB,SSD,109990.0
APPLE,Mac ,M2,8GB,Unified,512GB,SSD,139990.0
DELL,Windows 11,Intel,8GB,DDR4,512GB,SSD,74770.0
RedmiBook,Windows 11,Intel,8GB,DDR4,512GB,SSD,39990.0
HP,Windows 11,AMD,8GB,DDR4,512GB,SSD,40799.0
ASUS,Windows 10,Intel,16GB,DDR4,512GB,SSD,69490.0
ASUS,Windows 11,Intel,8GB,DDR4,512GB,SSD,39990.0
Lenovo,Windows 11,AMD,8GB,DDR4,512GB,SSD,38705.0
ASUS,Windows 11,AMD,16GB,LPDDR5,512GB,SSD,99990.0
APPLE,Mac ,M1,16GB,Unified,1TB,SSD,241990.0
acer,Windows 11,Intel,8GB,DDR4,512GB,SSD,40990.0
ASUS,Windows 11,AMD,16GB,DDR5,1TB,SSD,196990.0
HP,Windows 10,Intel,8GB,DDR4,512GB,SSD,60390.0
HP,Windows 10,Intel,8GB,DDR4,1TB,HDD,69990.0
ASUS,Windows 11,Intel,8GB,DDR4,256GB,SSD,44990.0
ASUS,Windows 11,AMD,16GB,DDR4,1TB,SSD,85990.0
ASUS,Windows 11,Intel,8GB,DDR4,256GB,SSD,44990.0
HP,Windows 10,Intel,8GB,DDR4,512GB,SSD,60390.0
ASUS,Windows 10,Intel,16GB,DDR4,512GB,SSD,69490.0
HP,Windows 11,AMD,8GB,DDR4,512GB,SSD,40799.0
Lenovo,Windows 11,Intel,8GB,DDR4,512GB,SSD,39990.0
RedmiBook,Windows 11,Intel,8GB,DDR4,512GB,SSD,39990.0
HP,Windows 11,AMD,16GB,DDR4,512GB,SSD,55990.0
Lenovo,Windows 11,Intel,16GB,LPDDR4X,512GB,SSD,74990.0
ASUS,Windows 11,AMD,16GB,DDR5,1TB,SSD,196990.0
Lenovo,Windows 11,AMD,8GB,DDR4,512GB,SSD,38705.0
HP,Windows 10,Intel,8GB,DDR4,1TB,HDD,69990.0
ASUS,Windows 11,Intel,8GB,DDR4,256GB,SSD,44990.0
ASUS,Windows 11,Intel,8GB,DDR4,1TB,SSD,59990.0
APPLE,Mac ,M1,16GB,Unified,512GB,SSD,222990.0
ASUS,Windows 11,AMD,16GB,DDR4,1TB,SSD,85990.0
Lenovo,Windows 11,AMD,8GB,DDR4,512GB,SSD,35590.0
DELL,Windows 11,Intel,8GB,DDR4,512GB,SSD,74770.0
ASUS,Windows 11,Intel,16GB,DDR5,1TB,SSD,109990.0
ASUS,Windows 11,AMD,16GB,DDR4,1TB,SSD,150990.0
Lenovo,Windows 11,Intel,8GB,DDR4,256GB,SSD,36990.0
acer,Windows 11,AMD,8GB,DDR4,512GB,SSD,62990.0
acer,Windows 11,Intel,8GB,DDR4,512GB,SSD,40990.0
MSI,Windows 10,Intel,8GB,DDR4,512GB,SSD,58499.0
Lenovo,Windows 10,Intel,8GB,DDR4,1TB,HDD,65990.0
Lenovo,Windows 11,Intel,8GB,DDR4,256GB,SSD,36990.0
RedmiBook,Windows 11,Intel,8GB,DDR4,512GB,SSD,39990.0
DELL,Windows 11,Intel,16GB,DDR5,512GB,SSD,111990.0
Lenovo,Windows 11,Intel,16GB,DDR4,512GB,SSD,68490.0
ASUS,Windows 11,AMD,16GB,DDR5,1TB,SSD,196990.0
Lenovo,Windows 11,AMD,8GB,DDR4,512GB,SSD,38705.0
Infinix,Windows 11,Intel,16GB,LPDDR4X,512GB,SSD,46990.0
ASUS,Windows 10,Intel,8GB,DDR4,1TB,HDD,83990.0
acer,Windows 11,Intel,8GB,DDR4,512GB,SSD,54990.0
ASUS,Chrome ,Intel,4GB,LPDDR4,512GB,SSD,14990.0
ASUS,Windows 11,AMD,16GB,DDR4,1TB,SSD,85990.0
Lenovo,Windows 11,AMD,8GB,DDR4,512GB,SSD,35590.0
APPLE,Mac ,M1,8GB,DDR4,1TB,SSD,149990.0
DELL,Windows 10,Intel,8GB,DDR4,512GB,SSD,63090.0
ASUS,Windows 11,AMD,16GB,DDR4,1TB,SSD,150990.0
Lenovo,Windows 11,Intel,8GB,DDR4,512GB,SSD,39990.0
MSI,Windows 11,Intel,16GB,DDR5,1TB,SSD,200000.0
Lenovo,Windows 11,Intel,8GB,DDR4,256GB,SSD,37390.0
ASUS,Windows 11,Intel,8GB,LPDDR4X,512GB,SSD,63990.0
DELL,Windows 10,Intel,8GB,DDR4,512GB,SSD,43090.0
ASUS,Windows 11,AMD,16GB,DDR5,1TB,SSD,194990.0
Lenovo,Windows 11,AMD,8GB,DDR4,512GB,SSD,44990.0
Lenovo,Windows 10,Intel,4GB,DDR4,256GB,SSD,44700.0
HP,Windows 10,Intel,8GB,DDR4,256GB,SSD,41150.0
Lenovo,Windows 11,Intel,8GB,DDR4,256GB,SSD,36990.0
Lenovo,Windows 11,Intel,8GB,DDR4,512GB,SSD,39990.0
ASUS,Windows 11,AMD,8GB,DDR4,256GB,SSD,33990.0
MSI,Windows 11,Intel,16GB,DDR5,1TB,SSD,190890.0
ASUS,Windows 11,Intel,16GB,LPDDR5,1TB,SSD,174990.0
HP,Windows 11,AMD,16GB,DDR4,1TB,SSD,118990.0
RedmiBook,Windows 11,Intel,8GB,DDR4,512GB,SSD,39990.0
ASUS,Windows 11,AMD,16GB,DDR5,1TB,SSD,196990.0
ASUS,Windows 11,Intel,16GB,DDR4,512GB,SSD,63980.0
acer,Windows 11,AMD,8GB,DDR4,512GB,SSD,54300.0
Lenovo,Windows 11,AMD,8GB,DDR4,512GB,SSD,38705.0
ASUS,Windows 11,AMD,16GB,DDR4,1TB,SSD,85990.0
DELL,Windows 11,AMD,8GB,DDR4,256GB,SSD,36400.0
ASUS,Windows 10,Intel,4GB,DDR4,256GB,SSD,28590.0
DELL,Windows 11,AMD,16GB,DDR4,512GB,SSD,69999.0
ASUS,Windows 11,Intel,32GB,DDR5,1TB,SSD,301990.0
Lenovo,Windows 11,AMD,8GB,DDR4,512GB,SSD,35590.0
ASUS,Windows 11,AMD,16GB,DDR4,1TB,SSD,150990.0
Lenovo,Windows 11,Intel,8GB,DDR4,256GB,SSD,37000.0
Lenovo,Windows 10,Intel,16GB,DDR4,512GB,SSD,64990.0
Lenovo,Windows 11,AMD,8GB,DDR4,512GB,SSD,73490.0
ASUS,Windows 11,AMD,16GB,DDR5,1TB,SSD,194990.0
DELL,Windows 11,Intel,8GB,DDR4,256GB,SSD,42690.0
ASUS,Windows 11,AMD,16GB,DDR5,1TB,SSD,140990.0
Lenovo,Windows 10,Intel,4GB,DDR4,256GB,SSD,38990.0
HP,Windows 11,Intel,16GB,LPDDR4X,512GB,SSD,128990.0
acer,Windows 11,Intel,8GB,DDR4,512GB,SSD,54999.0
Lenovo,Windows 11,Intel,8GB,DDR4,256GB,SSD,36990.0
acer,Windows 10,Intel,8GB,DDR4,1TB,HDD,60130.0
acer,Windows 11,Intel,8GB,DDR4,256GB,SSD,29490.0
DELL,Windows 11,Intel,8GB,DDR4,512GB,SSD,72490.0
Lenovo,Windows 11,Intel,8GB,DDR4,512GB,SSD,39990.0
GIGABYTE,Windows 11,Intel,16GB,DDR4,512GB,SSD,73990.0
acer,Windows 11,Intel,8GB,DDR4,1TB,HDD,47130.0
Lenovo,Windows 10,AMD,8GB,DDR4,512GB,SSD,55600.0
RedmiBook,Windows 11,Intel,8GB,DDR4,512GB,SSD,39990.0
DELL,Windows 10,AMD,8GB,DDR4,512GB,SSD,49690.0
ASUS,Windows 11,Intel,32GB,DDR5,1TB,SSD,239990.0
MSI,Windows 10,Intel,16GB,DDR4,512GB,SSD,73990.0
Lenovo,Windows 11,AMD,8GB,DDR4,512GB,SSD,38705.0
HP,Windows 10,AMD,8GB,DDR4,512GB,SSD,52490.0
HP,Windows 11,Intel,8GB,DDR4,512GB,SSD,41990.0
ASUS,Windows 11,Intel,8GB,DDR4,256GB,SSD,29990.0
ASUS,Windows 11,AMD,16GB,DDR5,1TB,SSD,196990.0
Nokia,Windows 10,Intel,8GB,DDR4,512GB,SSD,50490.0
acer,Windows 10,Intel,16GB,DDR4,1TB,HDD,96490.0
Infinix,Windows 11,Intel,16GB,LPDDR4X,512GB,SSD,37990.0
ASUS,Windows 11,AMD,16GB,DDR4,1TB,SSD,85990.0
MSI,Windows 10,Intel,16GB,LPDDR4X,512GB,SSD,74990.0
ASUS,Windows 10,Intel,8GB,DDR4,512GB,SSD,51990.0
Lenovo,Windows 11,Intel,8GB,DDR4,256GB,SSD,36990.0
Lenovo,Windows 11,Intel,8GB,DDR4,512GB,SSD,39990.0
ASUS,Windows 10,AMD,8GB,DDR4,1TB,HDD,71345.0
ASUS,Windows 10,Intel,16GB,DDR4,1TB,SSD,101490.0
MSI,Windows 11,Intel,32GB,DDR5,1TB,SSD,274990.0
ASUS,Windows 11,AMD,16GB,DDR5,1TB,SSD,199990.0
RedmiBook,Windows 11,Intel,8GB,DDR4,512GB,SSD,39990.0
ASUS,Windows 11,AMD,16GB,DDR5,1TB,SSD,196990.0
DELL,Windows 10,Intel,8GB,DDR4,256GB,SSD,41090.0
Lenovo,Windows 10,Intel,8GB,DDR4,256GB,SSD,50499.0
Lenovo,Windows 11,AMD,8GB,DDR4,512GB,SSD,38705.0
ASUS,Windows 11,AMD,16GB,DDR4,1TB,SSD,85990.0
HP,Windows 11,AMD,8GB,DDR4,512GB,SSD,78950.0
Lenovo,Windows 11,AMD,16GB,LPDDR4X,512GB,SSD,67990.0
ASUS,Windows 11,AMD,16GB,DDR4,1TB,SSD,187990.0
Lenovo,Windows 10,Intel,16GB,DDR4,1TB,SSD,102990.0
Lenovo,Windows 11,AMD,8GB,DDR4,512GB,SSD,35590.0
ASUS,Windows 11,AMD,16GB,DDR4,1TB,SSD,150990.0
ASUS,DOS ,Intel,4GB,DDR4,256GB,SSD,35990.0
HP,Windows 10,AMD,8GB,DDR4,512GB,SSD,52575.0
Lenovo,Windows 11,AMD,8GB,DDR4,512GB,SSD,73490.0
ASUS,Windows 11,AMD,16GB,DDR5,1TB,SSD,194990.0
DELL,Windows 11,AMD,8GB,DDR4,512GB,SSD,50990.0
Lenovo,Windows 10,Intel,16GB,DDR4,512GB,SSD,60125.0
Lenovo,Windows 10,Intel,4GB,DDR4,256GB,SSD,26490.0
HP,Windows 11,AMD,8GB,DDR4,512GB,SSD,80249.0
Lenovo,Windows 11,Intel,8GB,DDR4,256GB,SSD,36990.0
Lenovo,Windows 11,Intel,8GB,DDR4,512GB,SSD,39990.0
acer,Windows 10,Intel,8GB,DDR4,128GB,SSD,129999.0
ASUS,Windows 10,AMD,8GB,DDR4,1TB,SSD,76990.0
RedmiBook,Windows 11,Intel,8GB,DDR4,512GB,SSD,39990.0
ASUS,Windows 11,AMD,16GB,DDR5,1TB,SSD,196990.0
ASUS,Windows 10,Intel,8GB,DDR4,512GB,SSD,36990.0
MSI,Windows 10,Intel,16GB,DDR4,512GB,SSD,107790.0
DELL,Windows 11,Intel,16GB,DDR4,512GB,SSD,75990.0
ASUS,Windows 10,Intel,16GB,LPDDR4X,512GB,SSD,95990.0
Lenovo,Windows 11,AMD,8GB,DDR4,512GB,SSD,38705.0
ASUS,Windows 11,AMD,16GB,DDR4,1TB,SSD,85990.0
acer,Windows 11,Intel,8GB,DDR4,512GB,SSD,61999.0
HP,Windows 11,Intel,8GB,DDR4,256GB,SSD,28990.0
Lenovo,Windows 11,AMD,8GB,DDR4,512GB,SSD,35590.0
ASUS,Windows 11,AMD,16GB,DDR4,1TB,SSD,150990.0
Lenovo,Windows 10,Intel,8GB,DDR4,512GB,SSD,54990.0
ASUS,Windows 11,Intel,16GB,DDR4,512GB,SSD,56990.0
ASUS,Windows 11,Intel,8GB,DDR4,256GB,SSD,45990.0
ASUS,Windows 11,Intel,8GB,DDR4,512GB,SSD,38216.0
Lenovo,Windows 11,Intel,8GB,DDR4,256GB,SSD,36990.0
Lenovo,Windows 11,Intel,8GB,DDR4,512GB,SSD,39990.0
MSI,Windows 11,Intel,8GB,DDR4,512GB,SSD,79990.0
DELL,Windows 10,Intel,4GB,DDR4,1TB,HDD,43990.0
RedmiBook,Windows 11,Intel,8GB,DDR4,512GB,SSD,39990.0
ASUS,Windows 11,AMD,16GB,DDR5,1TB,SSD,196990.0
HP,Windows 11,AMD,16GB,DDR4,1TB,SSD,108250.0
ASUS,Windows 10,Intel,4GB,DDR4,1TB,HDD,28990.0
MSI,Windows 11,Intel,32GB,DDR5,2TB,SSD,389990.0
DELL,Windows 11,Intel,16GB,DDR4,512GB,SSD,67224.0
Lenovo,Windows 11,AMD,8GB,DDR4,512GB,SSD,38705.0
ASUS,Windows 11,AMD,16GB,DDR4,1TB,SSD,85990.0
acer,Windows 10,AMD,16GB,DDR4,1TB,HDD,114990.0
ASUS,Windows 10,Intel,4GB,DDR4,1TB,HDD,61249.0
Lenovo,Windows 11,AMD,8GB,DDR4,512GB,SSD,35590.0
ASUS,Windows 11,AMD,16GB,DDR4,1TB,SSD,150990.0
HP,Windows 11,Intel,16GB,DDR4,512GB,SSD,69990.0
Lenovo,DOS ,AMD,8GB,DDR4,512GB,SSD,69990.0
Lenovo,Windows 11,Intel,16GB,DDR4,512GB,SSD,79990.0
Lenovo,Windows 10,AMD,8GB,DDR4,256GB,SSD,37990.0
Lenovo,Windows 11,AMD,8GB,DDR4,512GB,SSD,73490.0
ASUS,Windows 11,AMD,16GB,DDR5,1TB,SSD,194990.0
Infinix,Windows 11,Intel,8GB,LPDDR4X,512GB,SSD,36990.0
ASUS,Windows 11,Intel,4GB,DDR4,128GB,SSD,29980.0
Lenovo,Windows 11,Intel,8GB,DDR4,256GB,SSD,36990.0
RedmiBook,Windows 11,Intel,8GB,DDR4,512GB,SSD,39990.0
ASUS,Windows 10,Intel,16GB,LPDDR4X,512GB,SSD,95990.0
DELL,Windows 11,AMD,8GB,DDR4,512GB,SSD,41600.0
DELL,Windows 11,Intel,16GB,DDR4,512GB,SSD,67224.0
ASUS,Windows 11,Intel,8GB,DDR4,512GB,SSD,61986.0
ASUS,Windows 11,AMD,16GB,DDR5,1TB,SSD,196990.0
Lenovo,Windows 11,AMD,8GB,DDR4,512GB,SSD,38705.0
ASUS,Windows 10,Intel,4GB,DDR4,1TB,HDD,61249.0
HP,Windows 11,AMD,8GB,DDR4,256GB,SSD,38999.0
ASUS,Windows 11,AMD,16GB,DDR4,1TB,SSD,85990.0
Lenovo,Windows 11,AMD,8GB,DDR4,512GB,SSD,35590.0
Lenovo,Windows 11,Intel,4GB,DDR4,256GB,SSD,31990.0
Lenovo,Windows 10,AMD,8GB,DDR4,256GB,SSD,37990.0
ASUS,Windows 11,Intel,4GB,DDR4,128GB,SSD,29980.0
ASUS,Windows 11,Intel,8GB,DDR4,512GB,SSD,46990.0
ASUS,Windows 11,AMD,16GB,DDR4,1TB,SSD,150990.0
Lenovo,Windows 11,AMD,8GB,DDR4,512GB,SSD,73490.0
Infinix,Windows 11,Intel,8GB,LPDDR4X,512GB,SSD,37990.0
Infinix,Windows 11,Intel,8GB,LPDDR4X,512GB,SSD,36990.0
Lenovo,Windows 11,Intel,8GB,DDR4,512GB,SSD,39990.0
ASUS,Windows 11,AMD,16GB,DDR5,1TB,SSD,194990.0
acer,Windows 11,AMD,8GB,DDR4,1TB,HDD,61490.0
HP,Windows 10,AMD,16GB,DDR4,1TB,SSD,109990.0
HP,Windows 11,AMD,8GB,DDR4,512GB,SSD,54990.0
Lenovo,Windows 10,AMD,8GB,DDR4,512GB,SSD,50990.0
Lenovo,Windows 11,Intel,8GB,DDR4,256GB,SSD,36990.0
RedmiBook,Windows 11,Intel,8GB,DDR4,512GB,SSD,39990.0
MSI,Windows 10,Intel,8GB,DDR4,1TB,HDD,62190.0
ASUS,Chrome ,Intel,4GB,LPDDR4,512GB,SSD,24390.0
ASUS,Windows 11,AMD,16GB,DDR5,1TB,SSD,196990.0
Lenovo,Windows 11,AMD,8GB,DDR4,512GB,SSD,38705.0
Lenovo,Windows 11,Intel,8GB,DDR4,1TB,HDD,36990.0
HP,Windows 10,AMD,16GB,DDR4,1TB,SSD,159990.0
ASUS,Windows 11,Intel,4GB,DDR4,256GB,SSD,34490.0
ASUS,Windows 11,AMD,16GB,DDR4,512GB,SSD,99990.0
ASUS,Windows 11,AMD,16GB,DDR4,1TB,SSD,85990.0
Lenovo,Windows 11,AMD,8GB,DDR4,512GB,SSD,35590.0
ASUS,Windows 11,Intel,8GB,LPDDR4X,512GB,SSD,79990.0
Infinix,Windows 11,Intel,4GB,LPDDR4X,128GB,SSD,20990.0
ASUS,Windows 11,AMD,16GB,DDR4,1TB,SSD,150990.0
Lenovo,Windows 11,Intel,8GB,DDR4,512GB,SSD,39990.0
HP,Windows 11,Intel,8GB,DDR4,1TB,HDD,41490.0
DELL,Windows 11,AMD,16GB,DDR5,1TB,SSD,206581.0
ASUS,Windows 11,AMD,8GB,DDR4,512GB,SSD,59990.0
acer,Windows 11,Intel,16GB,DDR4,512GB,SSD,62990.0
ASUS,Windows 11,AMD,16GB,DDR5,1TB,SSD,194990.0
Lenovo,Windows 11,AMD,8GB,DDR4,512GB,SSD,44990.0
ASUS,Windows 11,AMD,16GB,DDR5,1TB,SSD,194990.0
ASUS,Windows 10,AMD,8GB,DDR4,1TB,HDD,62990.0
RedmiBook,Windows 11,Intel,8GB,DDR4,512GB,SSD,39990.0
ASUS,Windows 11,AMD,16GB,DDR5,1TB,SSD,196990.0
Lenovo,Windows 10,AMD,8GB,DDR4,512GB,SSD,61990.0
ASUS,Windows 11,AMD,16GB,DDR5,1TB,SSD,105990.0
acer,Windows 11,Intel,16GB,DDR5,1TB,SSD,155490.0
Ultimus,Windows 11,Intel,4GB,LPDDR4,128GB,SSD,19990.0
Lenovo,Windows 11,AMD,8GB,DDR4,512GB,SSD,38705.0
ASUS,Windows 11,AMD,16GB,DDR4,1TB,SSD,85990.0
Lenovo,Windows 10,Intel,4GB,DDR4,1TB,HDD,33499.0
Infinix,Windows 11,Intel,8GB,LPDDR4X,512GB,SSD,42990.0
Lenovo,Windows 11,AMD,8GB,DDR4,512GB,SSD,35590.0
ASUS,Windows 11,AMD,16GB,DDR4,1TB,SSD,150990.0
HP,Windows 11,Intel,8GB,DDR4,512GB,SSD,63990.0
acer,Windows 11,Intel,16GB,DDR4,1TB,SSD,124990.0
ASUS,Windows 11,Intel,4GB,DDR4,512GB,SSD,21990.0
Lenovo,Windows 10,Intel,4GB,DDR4,256GB,SSD,30100.0
Lenovo,Windows 11,Intel,8GB,DDR4,256GB,SSD,36990.0
Lenovo,Windows 11,Intel,8GB,DDR4,512GB,SSD,39990.0
HP,Windows 11,Intel,32GB,DDR5,1TB,SSD,199990.0
acer,Windows 11,Intel,8GB,DDR4,1TB,HDD,61130.0
ASUS,Windows 11,AMD,16GB,DDR5,1TB,SSD,194990.0
Lenovo,Windows 11,AMD,8GB,DDR4,512GB,SSD,44990.0
Lenovo,Windows 11,Intel,8GB,DDR4,1TB,HDD,40990.0
ASUS,Windows 10,Intel,8GB,DDR4,1TB,SSD,75990.0
HP,Windows 11,Intel,8GB,DDR4,512GB,SSD,46890.0
Lenovo,Windows 11,Intel,8GB,DDR4,256GB,SSD,37390.0
Lenovo,Windows 11,Intel,8GB,DDR4,256GB,SSD,36990.0
Lenovo,Windows 11,Intel,8GB,DDR4,512GB,SSD,39990.0
Lenovo,Windows 11,Intel,16GB,DDR4,512GB,SSD,68490.0
ASUS,Windows 11,Intel,4GB,DDR4,512GB,SSD,19990.0
RedmiBook,Windows 11,Intel,8GB,DDR4,512GB,SSD,39990.0
ASUS,Windows 11,AMD,16GB,DDR5,1TB,SSD,196990.0
ASUS,Windows 11,Intel,16GB,DDR4,512GB,SSD,89990.0
DELL,Windows 11,Intel,8GB,DDR4,512GB,SSD,59790.0
MSI,Windows 11,Intel,16GB,DDR4,1TB,SSD,125990.0
ASUS,Windows 11,AMD,32GB,DDR5,2TB,SSD,249990.0
Lenovo,Windows 11,AMD,8GB,DDR4,512GB,SSD,38705.0
ASUS,Windows 11,AMD,16GB,DDR4,1TB,SSD,85990.0
ASUS,Windows 11,AMD,16GB,DDR5,1TB,SSD,149990.0
DELL,Windows 11,Intel,8GB,DDR4,256GB,SSD,36990.0
Lenovo,Windows 11,AMD,8GB,DDR4,512GB,SSD,35590.0
ASUS,Windows 11,AMD,16GB,DDR4,1TB,SSD,150990.0
ASUS,Windows 10,Intel,16GB,DDR4,512GB,SSD,85990.0
HP,Windows 10,AMD,8GB,DDR4,512GB,SSD,60990.0
DELL,Windows 11,Intel,8GB,DDR5,512GB,SSD,87900.0
Lenovo,Windows 10,AMD,4GB,DDR4,1TB,HDD,27490.0
DELL,Windows 11,Intel,8GB,DDR4,256GB,SSD,36990.0
ASUS,Windows 11,AMD,32GB,DDR5,2TB,SSD,249990.0
ASUS,Windows 11,AMD,16GB,DDR5,1TB,SSD,149990.0
RedmiBook,Windows 11,Intel,8GB,DDR4,512GB,SSD,39990.0
HP,Windows 11,AMD,8GB,DDR4,1TB,HDD,28999.0
DELL,Windows 11,Intel,8GB,DDR5,512GB,SSD,87900.0
acer,Windows 10,Intel,16GB,DDR4,1TB,HDD,117990.0
Lenovo,Windows 11,AMD,8GB,DDR4,512GB,SSD,38705.0
ASUS,Windows 10,Intel,16GB,DDR4,512GB,SSD,85990.0
DELL,Windows 11,Intel,8GB,DDR4,1TB,HDD,61497.0
HP,Windows 11,AMD,8GB,DDR4,512GB,SSD,70400.0
ASUS,Windows 11,AMD,16GB,DDR5,1TB,SSD,196990.0
Lenovo,Windows 10,Intel,16GB,DDR4,512GB,SSD,69000.0
Lenovo,Windows 11,AMD,8GB,DDR4,512GB,SSD,64490.0
ASUS,Windows 11,AMD,16GB,DDR5,1TB,SSD,149990.0
ASUS,Windows 11,AMD,16GB,DDR4,1TB,SSD,85990.0
HP,Windows 11,AMD,8GB,DDR5,512GB,SSD,96579.0
DELL,Windows 11,Intel,16GB,DDR4,512GB,SSD,101990.0
ASUS,Windows 11,Intel,16GB,DDR4,512GB,SSD,89990.0
Lenovo,Windows 11,AMD,8GB,DDR4,512GB,SSD,35590.0
HP,Windows 11,AMD,8GB,DDR5,512GB,SSD,94990.0
MSI,Windows 11,Intel,32GB,DDR5,2TB,SSD,314990.0
DELL,Windows 11,Intel,8GB,DDR4,1TB,HDD,46900.0
ASUS,Windows 11,AMD,16GB,DDR4,1TB,SSD,150990.0
Lenovo,Windows 11,Intel,8GB,DDR4,256GB,SSD,36990.0
Lenovo,Windows 11,Intel,8GB,DDR4,512GB,SSD,39990.0
ASUS,Windows 11,Intel,32GB,DDR5,2TB,SSD,331990.0
DELL,Windows 11,Intel,16GB,DDR5,1TB,SSD,116490.0
HP,Windows 10,AMD,8GB,DDR4,512GB,SSD,64590.0
DELL,Windows 11,Intel,16GB,DDR5,1TB,SSD,137990.0
RedmiBook,Windows 11,Intel,8GB,DDR4,512GB,SSD,39990.0
ASUS,Windows 11,AMD,16GB,DDR5,1TB,SSD,196990.0
DELL,Windows 10,Intel,8GB,DDR4,512GB,SSD,55690.0
Lenovo,Windows 10,Intel,16GB,DDR4,512GB,SSD,109990.0
Lenovo,Windows 11,AMD,8GB,DDR4,512GB,SSD,38705.0
ASUS,Windows 11,AMD,16GB,DDR4,1TB,SSD,85990.0
ASUS,Windows 10,Intel,8GB,DDR4,1TB,HDD,79990.0
ASUS,Windows 11,AMD,16GB,DDR4,1TB,SSD,130500.0
ASUS,Windows 11,AMD,32GB,DDR5,2TB,SSD,361990.0
ASUS,Windows 11,AMD,16GB,DDR5,1TB,SSD,211990.0
Lenovo,Windows 11,AMD,8GB,DDR4,512GB,SSD,35590.0
ASUS,Windows 11,AMD,16GB,DDR4,1TB,SSD,150990.0
DELL,Windows 10,Intel,4GB,DDR4,256GB,SSD,39890.0
MSI,Windows 11,Intel,16GB,DDR4,1TB,SSD,139990.0
Lenovo,Windows 11,AMD,8GB,DDR4,512GB,SSD,73490.0
ASUS,Windows 11,AMD,16GB,DDR5,1TB,SSD,194990.0
MSI,Windows 10,Intel,16GB,DDR4,1TB,HDD,99990.0
HP,Windows 10,Intel,16GB,DDR4,512GB,SSD,66700.0
DELL,Windows 10,Intel,8GB,DDR4,1TB,HDD,68990.0
DELL,Windows 11,Intel,32GB,DDR4,1TB,SSD,434830.0
Lenovo,Windows 11,Intel,8GB,DDR4,256GB,SSD,36990.0
Lenovo,Windows 11,Intel,8GB,DDR4,512GB,SSD,39990.0
ALIENWARE,Windows 10,Intel,32GB,DDR4,1TB,SSD,345390.0
HP,Windows 11,Intel,16GB,DDR4,512GB,SSD,105822.0
RedmiBook,Windows 11,Intel,8GB,DDR4,512GB,SSD,39990.0
ASUS,Windows 11,AMD,16GB,DDR5,1TB,SSD,196990.0
Lenovo,Chrome ,Intel,4GB,LPDDR4X,512GB,SSD,28490.0
Lenovo,Windows 10,Intel,16GB,DDR4,512GB,SSD,66990.0
acer,Windows 11,Intel,8GB,DDR4,512GB,SSD,86999.0
ASUS,Windows 10,Intel,8GB,DDR4,256GB,SSD,36990.0
Lenovo,Windows 11,AMD,8GB,DDR4,512GB,SSD,38705.0
ASUS,Windows 11,AMD,16GB,DDR4,1TB,SSD,85990.0
Lenovo,Windows 11,Intel,4GB,DDR4,256GB,SSD,23250.0
DELL,Windows 10,Intel,8GB,DDR4,256GB,SSD,42390.0
Lenovo,Windows 11,AMD,8GB,DDR4,512GB,SSD,35590.0
ASUS,Windows 11,AMD,16GB,DDR4,1TB,SSD,150990.0
Lenovo,Windows 10,Intel,8GB,DDR4,512GB,SSD,58990.0
ASUS,Windows 10,Intel,16GB,DDR4,1TB,SSD,110990.0
acer,Windows 10,Intel,8GB,DDR4,128GB,SSD,74590.0
DELL,Windows 11,AMD,8GB,DDR4,512GB,SSD,71990.0
ASUS,Windows 11,AMD,16GB,DDR5,1TB,SSD,194990.0
Lenovo,Windows 11,AMD,8GB,DDR4,512GB,SSD,44990.0
Lenovo,Windows 10,Intel,16GB,DDR4,512GB,SSD,84990.0
ASUS,Windows 11,AMD,16GB,LPDDR5,1TB,SSD,119990.0
Lenovo,Windows 11,Intel,8GB,DDR4,256GB,SSD,36990.0
Lenovo,Windows 11,Intel,8GB,DDR4,512GB,SSD,39990.0
MSI,Windows 10,Intel,32GB,DDR4,1TB,SSD,214990.0
MSI,Windows 10,Intel,8GB,DDR4,512GB,SSD,48790.0
DELL,Windows 11,AMD,16GB,DDR4,512GB,SSD,76000.0
ASUS,Windows 10,AMD,32GB,LPDDR4X,1TB,SSD,224990.0
RedmiBook,Windows 11,Intel,8GB,DDR4,512GB,SSD,39990.0
ASUS,Windows 11,AMD,16GB,DDR5,1TB,SSD,196990.0
Infinix,Windows 11,Intel,8GB,LPDDR4X,512GB,SSD,49990.0
ASUS,Windows 11,Intel,16GB,LPDDR5,512GB,SSD,164990.0
Lenovo,Windows 11,AMD,8GB,DDR4,512GB,SSD,38705.0
ASUS,Windows 11,AMD,16GB,DDR4,1TB,SSD,85990.0
HP,Windows 11,AMD,8GB,DDR4,256GB,SSD,31490.0
DELL,Windows 11,Intel,8GB,DDR4,512GB,SSD,48077.0
ASUS,Windows 10,AMD,16GB,DDR4,1TB,SSD,154990.0
ASUS,Windows 10,Intel,32GB,DDR4,1TB,SSD,224990.0
Lenovo,Windows 11,AMD,8GB,DDR4,512GB,SSD,35590.0
ASUS,Windows 11,AMD,16GB,DDR4,1TB,SSD,150990.0
ASUS,Windows 10,Intel,8GB,DDR4,1TB,HDD,44990.0
ASUS,Windows 10,Intel,8GB,DDR4,512GB,SSD,65990.0
Lenovo,Windows 11,AMD,8GB,DDR4,512GB,SSD,73490.0
ASUS,Windows 11,AMD,16GB,DDR5,1TB,SSD,194990.0
ASUS,Windows 10,Intel,8GB,DDR4,1TB,HDD,31990.0
Lenovo,Windows 10,Intel,8GB,DDR4,256GB,SSD,38980.0
HP,Windows 10,AMD,8GB,DDR4,512GB,SSD,68990.0
DELL,Windows 10,Intel,8GB,DDR4,256GB,SSD,43090.0
Lenovo,Windows 11,Intel,8GB,DDR4,512GB,SSD,39990.0
RedmiBook,Windows 11,Intel,8GB,DDR4,512GB,SSD,39990.0
ASUS,Windows 10,AMD,16GB,DDR4,1TB,SSD,154990.0
ASUS,Windows 10,Intel,8GB,DDR4,512GB,SSD,65990.0
ASUS,Windows 11,AMD,16GB,DDR5,1TB,SSD,196990.0
Lenovo,Windows 11,AMD,8GB,DDR4,512GB,SSD,38705.0
DELL,Windows 11,Intel,8GB,DDR4,512GB,SSD,49348.0
DELL,Windows 11,Intel,16GB,DDR5,512GB,SSD,221774.0
Lenovo,Windows 10,AMD,8GB,DDR4,512GB,SSD,73990.0
DELL,Windows 11,AMD,16GB,DDR4,512GB,SSD,77990.0
ASUS,Windows 11,AMD,16GB,DDR4,1TB,SSD,85990.0
Lenovo,Windows 11,AMD,8GB,DDR4,512GB,SSD,35590.0
ALIENWARE,Windows 10,Intel,16GB,DDR4,1TB,SSD,214790.0
ALIENWARE,Windows 10,Intel,16GB,DDR4,512GB,SSD,199990.0
ASUS,Windows 11,AMD,16GB,DDR4,1TB,SSD,150990.0
Lenovo,Windows 11,Intel,8GB,DDR4,256GB,SSD,36990.0
DELL,Windows 11,Intel,8GB,DDR4,512GB,SSD,48077.0
DELL,Windows 11,AMD,8GB,DDR4,512GB,SSD,52414.0
ASUS,Windows 11,Intel,16GB,DDR5,1TB,SSD,179990.0
ASUS,Chrome ,Intel,4GB,LPDDR4,512GB,SSD,25990.0
Lenovo,Windows 11,Intel,8GB,DDR4,256GB,SSD,36990.0
Lenovo,Windows 11,Intel,8GB,DDR4,512GB,SSD,39990.0
DELL,Windows 11,Intel,16GB,DDR4,512GB,SSD,80615.0
ASUS,Windows 11,AMD,16GB,DDR5,1TB,SSD,155990.0
RedmiBook,Windows 11,Intel,8GB,DDR4,512GB,SSD,39990.0
ASUS,Windows 11,AMD,16GB,DDR5,1TB,SSD,196990.0
Infinix,Windows 11,Intel,16GB,LPDDR4X,512GB,SSD,49990.0
Lenovo,Windows 11,Intel,16GB,DDR4,1TB,SSD,157990.0
ASUS,Windows 11,Intel,16GB,DDR5,512GB,SSD,92990.0
ASUS,Windows 11,AMD,16GB,DDR5,1TB,SSD,171990.0
Lenovo,Windows 11,AMD,8GB,DDR4,512GB,SSD,38705.0
ASUS,Windows 11,AMD,16GB,DDR4,1TB,SSD,85990.0
ASUS,Windows 10,Intel,8GB,DDR4,1TB,HDD,44990.0
ASUS,Windows 11,AMD,16GB,LPDDR5,1TB,SSD,151990.0
Lenovo,Windows 11,AMD,8GB,DDR4,512GB,SSD,35590.0
ASUS,Windows 11,AMD,16GB,DDR4,1TB,SSD,150990.0
ASUS,Windows 10,Intel,16GB,LPDDR3,2TB,SSD,233990.0
DELL,Windows 11,Intel,16GB,DDR5,512GB,SSD,76590.0
HP,Windows 10,AMD,16GB,DDR4,512GB,SSD,90000.0
ASUS,Chrome ,Intel,4GB,LPDDR4,512GB,SSD,23490.0
Lenovo,Windows 11,AMD,8GB,DDR4,512GB,SSD,73490.0
ASUS,Windows 11,AMD,16GB,DDR5,1TB,SSD,194990.0
ASUS,Windows 11,Intel,16GB,LPDDR5,512GB,SSD,125990.0
Lenovo,Windows 10,Intel,8GB,DDR4,1TB,HDD,50990.0
